Fraktion,MitMehrheit/Prozent
CE,74.75806451612904
BD,69.10000000000001
RL,68.93225806451613
GL,68.725
-,64.2
S,54.04130434782609
G,53.233333333333334
V,52.29272727272728
