Fraktion,MitMehrheit/Prozent
RL,79.846875
C,77.05333333333334
BD,74.9857142857143
GL,66.39999999999999
V,60.50441176470587
G,49.46666666666666
S,48.167441860465125
